login,id,html_url
40,1035178,https://github.com/40
xsurge83,863208,https://github.com/xsurge83
olleolleolle,211,https://github.com/olleolleolle
henrik,216,https://github.com/henrik
steveh,535,https://github.com/steveh
jpease,536,https://github.com/jpease
rubenlozano,632,https://github.com/rubenlozano
vigosan,767,https://github.com/vigosan
shanesveller,831,https://github.com/shanesveller
benschwarz,924,https://github.com/benschwarz
piranna,532414,https://github.com/piranna
kusoware,1711993,https://github.com/kusoware
punkage,2969750,https://github.com/punkage
jacobh,409333,https://github.com/jacobh
kaaloo,67010,https://github.com/kaaloo
esanai,1137350,https://github.com/esanai
jchristi,642929,https://github.com/jchristi
tuupola,21913,https://github.com/tuupola
russomi,859824,https://github.com/russomi
dristic,1205755,https://github.com/dristic
mikedidthis,910412,https://github.com/mikedidthis
ninjaparade,228899,https://github.com/ninjaparade
influxweb,447624,https://github.com/influxweb
raakesh,2386374,https://github.com/raakesh
joykliu,7015521,https://github.com/joykliu
JayWIlsonJr,1108783,https://github.com/JayWIlsonJr
CarlosRGL,8222843,https://github.com/CarlosRGL
pixelnated,14867,https://github.com/pixelnated
nsbingham,239967,https://github.com/nsbingham
fephil,1689044,https://github.com/fephil
nowant,4710405,https://github.com/nowant
johnpaulada,8457470,https://github.com/johnpaulada
mzajadlo,8880542,https://github.com/mzajadlo
sarbazx,5629946,https://github.com/sarbazx
roukmoute,2140469,https://github.com/roukmoute
simontong,1494859,https://github.com/simontong
flexjames,13228497,https://github.com/flexjames
beckkramer,2972688,https://github.com/beckkramer
scissorsneedfoodtoo,2051070,https://github.com/scissorsneedfoodtoo
Dotnaught,429084,https://github.com/Dotnaught
casualuser,1243074,https://github.com/casualuser
sorrycc,35128,https://github.com/sorrycc
mcoimbrac,1877079,https://github.com/mcoimbrac
botanegg,752322,https://github.com/botanegg
valer-cara,2016345,https://github.com/valer-cara
dbsima,1548356,https://github.com/dbsima
kozy4324,170064,https://github.com/kozy4324
Tomohiro,54254,https://github.com/Tomohiro
hnakamur,19299,https://github.com/hnakamur
futoase,72997,https://github.com/futoase
halbtuerke,160,https://github.com/halbtuerke
caius,696,https://github.com/caius
mmetzger,1238,https://github.com/mmetzger
nerdEd,1726,https://github.com/nerdEd
mileszs,2425,https://github.com/mileszs
hofo,2506,https://github.com/hofo
mattknox,2965,https://github.com/mattknox
mguterl,3800,https://github.com/mguterl
tsuka,4445,https://github.com/tsuka
omgitsads,4619,https://github.com/omgitsads
derekr,22249,https://github.com/derekr
seanewest,3216121,https://github.com/seanewest
stephdatu,4763122,https://github.com/stephdatu
vvasilev-,1783033,https://github.com/vvasilev-
sethvincent,164214,https://github.com/sethvincent
halbtuerke,160,https://github.com/halbtuerke
crudbug,1286818,https://github.com/crudbug
kristerkari,993108,https://github.com/kristerkari
vicgarcia,1687018,https://github.com/vicgarcia
robsonbittencourt,1248602,https://github.com/robsonbittencourt
mojombo,1,https://github.com/mojombo
brynary,19,https://github.com/brynary
topfunky,26,https://github.com/topfunky
jm,95,https://github.com/jm
BrianTheCoder,102,https://github.com/BrianTheCoder
josh,137,https://github.com/josh
zapnap,194,https://github.com/zapnap
chuyeow,213,https://github.com/chuyeow
gnufied,278,https://github.com/gnufied
alialliallie,284,https://github.com/alialliallie
Caged,25,https://github.com/Caged
topfunky,26,https://github.com/topfunky
brixen,85,https://github.com/brixen
cristibalan,122,https://github.com/cristibalan
atduskgreg,165,https://github.com/atduskgreg
robey,172,https://github.com/robey
knowtheory,192,https://github.com/knowtheory
dctanner,227,https://github.com/dctanner
gnufied,278,https://github.com/gnufied
norio,307,https://github.com/norio
levi,8493,https://github.com/levi
abozhilov,191849,https://github.com/abozhilov
kitcambridge,243830,https://github.com/kitcambridge
arian,109243,https://github.com/arian
n3o77,321891,https://github.com/n3o77
SBoudrias,923865,https://github.com/SBoudrias
qiaosu,816216,https://github.com/qiaosu
sparent,797140,https://github.com/sparent
Nisk,1488970,https://github.com/Nisk
BelfordZ,1787231,https://github.com/BelfordZ
joaovitor,589,https://github.com/joaovitor
ph,640,https://github.com/ph
mhaugland,1881,https://github.com/mhaugland
cdmwebs,2399,https://github.com/cdmwebs
dandorman,2452,https://github.com/dandorman
jugglebird,2484,https://github.com/jugglebird
mattknox,2965,https://github.com/mattknox
tsuka,4445,https://github.com/tsuka
briandoll,4590,https://github.com/briandoll
eugenebolshakov,4646,https://github.com/eugenebolshakov
drhayes,8899,https://github.com/drhayes
defunkt,2,https://github.com/defunkt
brynary,19,https://github.com/brynary
macournoyer,22,https://github.com/macournoyer
Caged,25,https://github.com/Caged
lancecarlson,107,https://github.com/lancecarlson
lukesutton,109,https://github.com/lukesutton
josh,137,https://github.com/josh
matthewford,215,https://github.com/matthewford
dctanner,227,https://github.com/dctanner
pmuens,1606004,https://github.com/pmuens
vilav,849098,https://github.com/vilav
dfromero,2866227,https://github.com/dfromero
yinone,5554377,https://github.com/yinone
afutseng,665210,https://github.com/afutseng
cyk,423755,https://github.com/cyk
StarZ3r0,1798791,https://github.com/StarZ3r0
sschneider,317375,https://github.com/sschneider
vanillaSlice,23508237,https://github.com/vanillaSlice
Pixelhash,3688417,https://github.com/Pixelhash
pimpin,462084,https://github.com/pimpin
bshi,15159,https://github.com/bshi
pjhyett,3,https://github.com/pjhyett
DocSavage,185,https://github.com/DocSavage
knowtheory,192,https://github.com/knowtheory
bernerdschaefer,193,https://github.com/bernerdschaefer
vic,331,https://github.com/vic
damon,344,https://github.com/damon
trevorturk,402,https://github.com/trevorturk
kunstreich,464,https://github.com/kunstreich
macournoyer,22,https://github.com/macournoyer
Caged,25,https://github.com/Caged
topfunky,26,https://github.com/topfunky
atmos,38,https://github.com/atmos
drnic,108,https://github.com/drnic
lukesutton,109,https://github.com/lukesutton
cristibalan,122,https://github.com/cristibalan
jnicklas,134,https://github.com/jnicklas
josh,137,https://github.com/josh
rubyist,143,https://github.com/rubyist
fguisso,5755568,https://github.com/fguisso
matheusmmo,5503516,https://github.com/matheusmmo
iamfelipemattos,5552126,https://github.com/iamfelipemattos
silvioCoelho,6528661,https://github.com/silvioCoelho
eliasfaical,1591282,https://github.com/eliasfaical
theandersonn,5203138,https://github.com/theandersonn
edisonfm,1264054,https://github.com/edisonfm
MateusJabour,11710000,https://github.com/MateusJabour
andersoonweb,3930770,https://github.com/andersoonweb
maxarouca,8810746,https://github.com/maxarouca
mojodna,45,https://github.com/mojodna
scharfie,230,https://github.com/scharfie
tpope,378,https://github.com/tpope
mando,467,https://github.com/mando
ph,640,https://github.com/ph
malkomalko,763,https://github.com/malkomalko
scotu,868,https://github.com/scotu
gregf,980,https://github.com/gregf
brianleroux,990,https://github.com/brianleroux
shingara,1088,https://github.com/shingara
sitereactor,1398823,https://github.com/sitereactor
Shazwazza,1742685,https://github.com/Shazwazza
peterblazejewicz,14539,https://github.com/peterblazejewicz
tibor19,3577486,https://github.com/tibor19
alexbocharov,7753794,https://github.com/alexbocharov
JohnFarnea,10207129,https://github.com/JohnFarnea
DoCode,1489133,https://github.com/DoCode
webflo-dev,6934017,https://github.com/webflo-dev
ErikSchierboom,135246,https://github.com/ErikSchierboom
pebezo,1287097,https://github.com/pebezo
ewertonorg,6062814,https://github.com/ewertonorg
paladini,3361224,https://github.com/paladini
aaoliveira,802991,https://github.com/aaoliveira
sergiors,2046276,https://github.com/sergiors
icorradi,3985630,https://github.com/icorradi
fadonascimento,1638439,https://github.com/fadonascimento
rodrigocnascimento,24860,https://github.com/rodrigocnascimento
WilliamRoger,3818294,https://github.com/WilliamRoger
vitorbritto,769193,https://github.com/vitorbritto
NandoKstroNet,2506528,https://github.com/NandoKstroNet
hunterclarke,806604,https://github.com/hunterclarke
err0,159986,https://github.com/err0
kaleb,500836,https://github.com/kaleb
linuxsable,89359,https://github.com/linuxsable
teopeurt,199576,https://github.com/teopeurt
cbueno,5132,https://github.com/cbueno
asfaltboy,321520,https://github.com/asfaltboy
gabidrg,298797,https://github.com/gabidrg
Workman,530750,https://github.com/Workman
ernestom,1200742,https://github.com/ernestom
pengwynn,865,https://github.com/pengwynn
lancecarlson,107,https://github.com/lancecarlson
lukemelia,353,https://github.com/lukemelia
marvin,557,https://github.com/marvin
antramm,917,https://github.com/antramm
sunfmin,1014,https://github.com/sunfmin
ludwig,1056,https://github.com/ludwig
1083,1083,https://github.com/1083
fzero,1115,https://github.com/fzero
clawfire,1178,https://github.com/clawfire
eric-brechemier,151276,https://github.com/eric-brechemier
willemmulder,70933,https://github.com/willemmulder
hxoht,136109,https://github.com/hxoht
thefoxis,375731,https://github.com/thefoxis
aymanfarhat,823713,https://github.com/aymanfarhat
travisjeffery,15225,https://github.com/travisjeffery
gildo,133645,https://github.com/gildo
crudbug,1286818,https://github.com/crudbug
bittersweetryan,392624,https://github.com/bittersweetryan
bluecat1254,3009838,https://github.com/bluecat1254
johannesjo,1456265,https://github.com/johannesjo
hugopsantos,7279727,https://github.com/hugopsantos
GauthierD-,904959,https://github.com/GauthierD-
CristianFMP,3925758,https://github.com/CristianFMP
denisfitz57,1459124,https://github.com/denisfitz57
gbertb,650530,https://github.com/gbertb
vslio,5412162,https://github.com/vslio
vanthiyathevan,1296183,https://github.com/vanthiyathevan
gsalvati,4029571,https://github.com/gsalvati
joelbowen,1557848,https://github.com/joelbowen
benjamn,5750,https://github.com/benjamn
sophiebits,6820,https://github.com/sophiebits
wolffiex,214268,https://github.com/wolffiex
neilcarpenter,1040780,https://github.com/neilcarpenter
patrickhaug,1001854,https://github.com/patrickhaug
floydwch,1651509,https://github.com/floydwch
tonylau,1431484,https://github.com/tonylau
msjgriffiths,1093821,https://github.com/msjgriffiths
wickchucked,580078,https://github.com/wickchucked
hellojwilde,44190,https://github.com/hellojwilde
chinmaygupta28,2870699,https://github.com/chinmaygupta28
benoitvallon,2761144,https://github.com/benoitvallon
distums,5827822,https://github.com/distums
JacobOscarson,447216,https://github.com/JacobOscarson
eliot-akira,5352434,https://github.com/eliot-akira
rascada,10521222,https://github.com/rascada
lewisje,4865237,https://github.com/lewisje
arecvlohe,9747933,https://github.com/arecvlohe
MarkWaldron,5213352,https://github.com/MarkWaldron
Loutlook,2121136,https://github.com/Loutlook
ssanders,625586,https://github.com/ssanders
barntarnst,743453,https://github.com/barntarnst
Caged,25,https://github.com/Caged
japj,512,https://github.com/japj
jney,747,https://github.com/jney
malkomalko,763,https://github.com/malkomalko
jaehess,1196,https://github.com/jaehess
pvaillant,1288,https://github.com/pvaillant
taf2,1568,https://github.com/taf2
fserb,1587,https://github.com/fserb
douglasresende,1786872,https://github.com/douglasresende
ryanpoplin,5225232,https://github.com/ryanpoplin
antramm,917,https://github.com/antramm
umaar,381495,https://github.com/umaar
syahrasi,34879,https://github.com/syahrasi
mlcordrey,4030707,https://github.com/mlcordrey
mister-t,1483458,https://github.com/mister-t
HenriqueSilverio,2057432,https://github.com/HenriqueSilverio
suissa,75607,https://github.com/suissa
brenopolanski,1894191,https://github.com/brenopolanski
sayanee,413879,https://github.com/sayanee
eugeneware,38154,https://github.com/eugeneware
hughsk,569817,https://github.com/hughsk
sidorares,173025,https://github.com/sidorares
Ephemera,1617580,https://github.com/Ephemera
Pent,226233,https://github.com/Pent
shiawuen,317232,https://github.com/shiawuen
stiucsib86,74789,https://github.com/stiucsib86
jcrugzz,592149,https://github.com/jcrugzz
andrebuchanan,1650470,https://github.com/andrebuchanan
goatslacker,10632,https://github.com/goatslacker
olimsaidov,228747,https://github.com/olimsaidov
knowbody,3802023,https://github.com/knowbody
RickWong,40102,https://github.com/RickWong
bebraw,166921,https://github.com/bebraw
bjrmatos,4262050,https://github.com/bjrmatos
KyleAMathews,71047,https://github.com/KyleAMathews
emmenko,1110551,https://github.com/emmenko
browniefed,1714673,https://github.com/browniefed
bmcmahen,1236841,https://github.com/bmcmahen
johnny,288,https://github.com/johnny
vic,331,https://github.com/vic
intabulas,448,https://github.com/intabulas
bernd,461,https://github.com/bernd
japj,512,https://github.com/japj
dennisreimann,886,https://github.com/dennisreimann
ericflo,1228,https://github.com/ericflo
kana,1742,https://github.com/kana
jonpierce,2025,https://github.com/jonpierce
benvinegar,2153,https://github.com/benvinegar
